Nome,Área,Área ID,Lattes ID,Perfil ID,Perfil URL
Airton Nabarrete,Projeto Aeronáutico,eam1,K4707083U5,airton-nabarrete,/pt/professores/airton-nabarrete/
Alfredo R. de Faria,Projeto Aeronáutico,eam1,5988213006092748,alfredo-r-de-faria,/pt/professores/alfredo-r-de-faria/
André Fernando C. Silva,Projeto Aeronáutico,eam1,1875030810675092,andre-fernando-c-silva,/pt/professores/andre-fernando-c-silva/
André V. G. Cavalieri,Projeto Aeronáutico,eam1,7408314572212776,andre-v-g-cavalieri,/pt/professores/andre-v-g-cavalieri/
Antônio B. Guimarães Neto,Projeto Aeronáutico,eam1,9033052561624561,antonio-b-guimaraes-neto,/pt/professores/antonio-b-guimaraes-neto/
Davi A. dos Santos,Projeto Aeronáutico,eam1,3138586796040473,davi-a-dos-santos,/pt/professores/davi-a-dos-santos/
Domingos A. Rade,Projeto Aeronáutico,eam1,3356131637634546,domingos-a-rade,/pt/professores/domingos-a-rade/
Flávio Luiz C. Ribeiro,Projeto Aeronáutico,eam1,8718918697253341,flavio-luiz-c-ribeiro,/pt/professores/flavio-luiz-c-ribeiro/
Flávio Luiz da S. Bussamra,Projeto Aeronáutico,eam1,0616738413255391,flavio-luiz-da-s-bussamra,/pt/professores/flavio-luiz-da-s-bussamra/
Luiz Arthur Gagg Filho,Projeto Aeronáutico,eam1,9825837021319880,luiz-arthur-gagg-filho,/pt/professores/luiz-arthur-gagg-filho/
Luiz Carlos Sandoval Góes,Projeto Aeronáutico,eam1,4548734294382889,luiz-carlos-sandoval-goes,/pt/professores/luiz-carlos-sandoval-goes/
Maisa de Oliveira Terra,Projeto Aeronáutico,eam1,3146715847594279,maisa-de-oliveira-terra,/pt/professores/maisa-de-oliveira-terra/
Mariano Andrés Arbelo,Projeto Aeronáutico,eam1,2066379668710621,mariano-andres-arbelo,/pt/professores/mariano-andres-arbelo/
Mauricio V. Donadon,Projeto Aeronáutico,eam1,1493239952726031,mauricio-v-donadon,/pt/professores/mauricio-v-donadon/
Ney Rafael Sêcco,Projeto Aeronáutico,eam1,6108448543229589,ney-rafael-secco,/pt/professores/ney-rafael-secco/
Rafael Thiago Luiz Ferreira,Projeto Aeronáutico,eam1,4465657459021783,rafael-thiago-luiz-ferreira,/pt/professores/rafael-thiago-luiz-ferreira/
Roberto Gil Annes da Silva,Projeto Aeronáutico,eam1,7418081905753646,roberto-gil-annes-da-silva,/pt/professores/roberto-gil-annes-da-silva/
Rodrigo Costa Moura,Projeto Aeronáutico,eam1,K4328700P5,rodrigo-costa-moura,/pt/professores/rodrigo-costa-moura/
Sandro da Silva Fernandes,Projeto Aeronáutico,eam1,0729442206315560,sandro-da-silva-fernandes,/pt/professores/sandro-da-silva-fernandes/
Thiago de Paula Sales,Projeto Aeronáutico,eam1,1009252776618684,thiago-de-paula-sales,/pt/professores/thiago-de-paula-sales/
Tiago Barbosa de Araújo,Projeto Aeronáutico,eam1,2132398460857411,tiago-barbosa-de-araujo,/pt/professores/tiago-barbosa-de-araujo/
Vinicius Malatesta,Projeto Aeronáutico,eam1,5897195986590102,vinicius-malatesta,/pt/professores/vinicius-malatesta/
Vitor Gabriel Kleine,Projeto Aeronáutico,eam1,5015965736198261,vitor-gabriel-kleine,/pt/professores/vitor-gabriel-kleine/
Willer Gomes dos Santos,Projeto Aeronáutico,eam1,3095429508961900,willer-gomes-dos-santos,/pt/professores/willer-gomes-dos-santos/
Ana M. Gómez-Marín,Propulsão e Energia,eam2,4045712584314350,ana-m-gomez-marin,/pt/professores/ana-m-gomez-marin/
Cleverson Bringhenti,Propulsão e Energia,eam2,3264551949214890,cleverson-bringhenti,/pt/professores/cleverson-bringhenti/
Cristiane Aparecida Martins,Propulsão e Energia,eam2,0564682960711818,cristiane-aparecida-martins,/pt/professores/cristiane-aparecida-martins/
Elisan dos Santos Magalhães,Propulsão e Energia,eam2,8612378511643289,elisan-dos-santos-magalhaes,/pt/professores/elisan-dos-santos-magalhaes/
Guilherme Borges Ribeiro,Propulsão e Energia,eam2,8674286957083494,guilherme-borges-ribeiro,/pt/professores/guilherme-borges-ribeiro/
Izabela Batista Henriques,Propulsão e Energia,eam2,K4332105E7,izabela-batista-henriques,/pt/professores/izabela-batista-henriques/
Jesuíno Takachi Tomita,Propulsão e Energia,eam2,6898718306724146,jesuino-takachi-tomita,/pt/professores/jesuino-takachi-tomita/
Leila Ribeiro dos Santos,Propulsão e Energia,eam2,7856895017377548,leila-ribeiro-dos-santos,/pt/professores/leila-ribeiro-dos-santos/
Marcelo José S. de Lemos,Propulsão e Energia,eam2,5746097026160276,marcelo-jose-s-de-lemos,/pt/professores/marcelo-jose-s-de-lemos/
Pedro Teixeira Lacava,Propulsão e Energia,eam2,3200087893118776,pedro-teixeira-lacava,/pt/professores/pedro-teixeira-lacava/
Amauri de Paula,Materiais e Manufatura,eam3,3912955675367941,amauri-de-paula,/pt/professores/amauri-de-paula/
Anderson V. Borille,Materiais e Manufatura,eam3,3134837836618744,anderson-v-borille,/pt/professores/anderson-v-borille/
André da Silva Antunes,Materiais e Manufatura,eam3,1141985025622778,andre-da-silva-antunes,/pt/professores/andre-da-silva-antunes/
Argemiro S. Silva Sobrinho,Materiais e Manufatura,eam3,5875434315507793,argemiro-s-silva-sobrinho,/pt/professores/argemiro-s-silva-sobrinho/
Douglas Marcel G. Leite,Materiais e Manufatura,eam3,3511322755631776,douglas-marcel-g-leite,/pt/professores/douglas-marcel-g-leite/
Emilia Villani,Materiais e Manufatura,eam3,4280649883963631,emilia-villani,/pt/professores/emilia-villani/
Gilberto Petraconi Filho,Materiais e Manufatura,eam3,9186923914430935,gilberto-petraconi-filho,/pt/professores/gilberto-petraconi-filho/
Gilmar Patrocínio Thim,Materiais e Manufatura,eam3,9324788138817522,gilmar-patrocinio-thim,/pt/professores/gilmar-patrocinio-thim/
Jefferson de O. Gomes,Materiais e Manufatura,eam3,2087127246109861,jefferson-de-o-gomes,/pt/professores/jefferson-de-o-gomes/
João Henrique Lopes,Materiais e Manufatura,eam3,7876537105417920,joao-henrique-lopes,/pt/professores/joao-henrique-lopes/
Jorge Otubo,Materiais e Manufatura,eam3,1838005717106870,jorge-otubo,/pt/professores/jorge-otubo/
José Atílio Fritz Fidel Rocco,Materiais e Manufatura,eam3,5796634315479104,jose-atilio-fritz-fidel-rocco,/pt/professores/jose-atilio-fritz-fidel-rocco/
Kahl D. Zilnyk,Materiais e Manufatura,eam3,K4255585E7,kahl-d-zilnyk,/pt/professores/kahl-d-zilnyk/
Luís Gonzaga Trabasso,Materiais e Manufatura,eam3,6932390830998311,luis-gonzaga-trabasso,/pt/professores/luis-gonzaga-trabasso/
Maria Margareth da Silva,Materiais e Manufatura,eam3,9018192492131453,maria-margareth-da-silva,/pt/professores/maria-margareth-da-silva/
Rene F. B. Gonçalves,Materiais e Manufatura,eam3,4402182041847294,rene-f-b-goncalves,/pt/professores/rene-f-b-goncalves/
Ronnie Rodrigo Rego,Materiais e Manufatura,eam3,8374531395477828,ronnie-rodrigo-rego,/pt/professores/ronnie-rodrigo-rego/
Wesley Rodrigues de Oliveira,Materiais e Manufatura,eam3,6276177400734590,wesley-rodrigues-de-oliveira,/pt/professores/wesley-rodrigues-de-oliveira/
