eid,title,year,date,journal,subtype,subtype_description,doi,cited_by,volume,issue,page_range,source_id
2-s2.0-85210484189,Rotational shallow water equations with viscous damping and boundary control: structure-preserving spatial discretization,2025,2025-06-01,Mathematics of Control Signals and Systems,ar,Article,10.1007/s00498-024-00404-6,0,37,2,361-394,19202
2-s2.0-85202295574,"Port-Hamiltonian formulations for the modeling, simulation and control of fluids",2024,2024-10-30,Computers and Fluids,re,Review,10.1016/j.compfluid.2024.106407,6,283,,,18160
2-s2.0-85206079827,Surrogate Modeling of a Lumped-Mass Multibody Structure Using Hamiltonian Neural Networks,2024,2024-06-01,IFAC Papersonline,cp,Conference Paper,10.1016/j.ifacol.2024.08.255,2,58,6,48-53,21100456158
2-s2.0-85206071376,A port-Hamiltonian model of airplane longitudinal dynamics,2024,2024-06-01,IFAC Papersonline,cp,Conference Paper,10.1016/j.ifacol.2024.08.268,0,58,6,125-130,21100456158
2-s2.0-85204218216,Simultaneous Estimation of Engine Deck and Drag Polar Based on Specific Excess Power Measurement,2024,2024-01-01,AIAA Aviation Forum and Ascend 2024,cp,Conference Paper,10.2514/6.2024-4561,0,,,,21101248580
2-s2.0-105019507117,COMPARATIVE ANALYSIS OF FLIGHT MANEUVER LOADS BETWEEN FLEXIBLE AND RIGID AIRCRAFT,2024,2024-01-01,International Forum on Aeroelasticity and Structural Dynamics Ifasd 2024,cp,Conference Paper,,0,,,,21101342183
2-s2.0-105019500323,RAYLEIGH-RITZ METHOD WITH MULTIBODY DYNAMICS FOR HIGHLY FLEXIBLE STRUCTURES,2024,2024-01-01,International Forum on Aeroelasticity and Structural Dynamics Ifasd 2024,cp,Conference Paper,,0,,,,21101342183
2-s2.0-105019491346,IDENTIFICATION OF FLEXIBLE AIRCRAFT PARAMETERS WITH VARYING FLEXIBILITY CONFIGURATIONS: INTEGRATING ELASTIC EFFECTS AND SENSOR DATA,2024,2024-01-01,International Forum on Aeroelasticity and Structural Dynamics Ifasd 2024,cp,Conference Paper,,0,,,,21101342183
2-s2.0-105019491057,SURROGATE MODELING OF HIGHLY FLEXIBLE STRUCTURES AND AERODYNAMICS USING NEURAL NETWORKS,2024,2024-01-01,International Forum on Aeroelasticity and Structural Dynamics Ifasd 2024,cp,Conference Paper,,0,,,,21101342183
2-s2.0-85144539481,Flexible Aircraft Simulation Validation with Flight Test Data,2023,2023-01-01,AIAA Journal,ar,Article,10.2514/1.J060960,17,61,1,285-304,29964
2-s2.0-85142167775,Influence of thrust modulation on a satellite with flexible non-latching booms,2022,2022-12-01,Journal of the Brazilian Society of Mechanical Sciences and Engineering,ar,Article,10.1007/s40430-022-03887-z,0,44,12,,71359
2-s2.0-85138238252,Work-in-Progress: A Complementary Training Program in Control and Automation Engineering and its Role in Undergraduate/Master's Program Integration,2022,2022-08-23,ASEE Annual Conference and Exposition Conference Proceedings,cp,Conference Paper,,0,,,,21100797240
2-s2.0-85122349852,Impact of non-latching booms on a nanosatellite attitude control system,2022,2022-01-01,Aerospace Science and Technology,ar,Article,10.1016/j.ast.2021.107298,4,120,,,12507
2-s2.0-85130737744,A partitioned finite element method for power-preserving discretization of open systems of conservation laws,2021,2021-01-01,IMA Journal of Mathematical Control and Information,ar,Article,10.1093/imamci/dnaa038,45,38,2,493-533,23150
2-s2.0-85120952903,Dissipative shallow water equations: A port-Hamiltonian formulation,2021,2021-01-01,IFAC Papersonline,cp,Conference Paper,10.1016/j.ifacol.2021.11.073,5,54,19,167-172,21100456158
2-s2.0-85100832644,Port-hamiltonian model of two-dimensional shallow water equations in moving containers,2021,2021-01-01,IMA Journal of Mathematical Control and Information,ar,Article,10.1093/IMAMCI/DNAA016,12,37,4,1348-1366,23150
2-s2.0-85105055633,Partitioned finite element method for structured discretization with mixed boundary conditions,2020,2020-01-01,IFAC Papersonline,cp,Conference Paper,10.1016/j.ifacol.2020.12.1351,14,53,2,7557-7562,21100456158
2-s2.0-85082438607,"Port-Hamiltonian modeling, discretization and feedback control of a circular water tank",2019,2019-12-01,Proceedings of the IEEE Conference on Decision and Control,cp,Conference Paper,10.1109/CDC40024.2019.9030007,13,2019-December,,6881-6886,87424
2-s2.0-85035769140,Modeling and control of a rotating flexible spacecraft: A port-hamiltonian approach,2019,2019-01-01,IEEE Transactions on Control Systems Technology,ar,Article,10.1109/TCST.2017.2771244,43,27,1,355-362,17342
2-s2.0-85053861970,A new look at the uncontrollable linearized quaternion dynamics with implications to LQR design in underactuated systems,2018,2018-11-27,2018 European Control Conference Ecc 2018,cp,Conference Paper,10.23919/ECC.2018.8550415,5,,,3120-3125,21100894519
2-s2.0-85060434209,Applicability of geometrically-linear structural-dynamic models for the flight dynamics of arbitrarily-flexible aircraft,2018,2018-01-01,31st Congress of the International Council of the Aeronautical Sciences Icas 2018,cp,Conference Paper,,8,,,,21100896175
2-s2.0-85048930706,Disturbance rejection for a rotating flexible spacecraft: a port-Hamiltonian approach,2018,2018-01-01,,cp,Conference Paper,10.1016/j.ifacol.2018.06.031,2,51,3,113-118,
2-s2.0-85048766219,A structure-preserving Partitioned Finite Element Method for the 2D wave equation ⁎,2018,2018-01-01,,cp,Conference Paper,10.1016/j.ifacol.2018.06.033,23,51,3,119-124,
2-s2.0-85010297444,A port-Hamiltonian model of liquid sloshing in moving containers and application to a fluid-structure system,2017,2017-02-01,Journal of Fluids and Structures,ar,Article,10.1016/j.jfluidstructs.2016.12.007,40,69,,402-427,12490
2-s2.0-85048617142,Validity of the assumption of small deformations in aircraft with different levels of structural flexibility,2017,2017-01-01,17th International Forum on Aeroelasticity and Structural Dynamics Ifasd 2017,cp,Conference Paper,,13,2017-June,,,21100864702
2-s2.0-85020742154,Mathematical model of one flexible transport category aircraft,2017,2017-01-01,Aircraft Engineering and Aerospace Technology,ar,Article,10.1108/AEAT-12-2013-0230,4,89,3,384-396,12633
2-s2.0-85010312023,Modeling by interconnection and control by damping injection of a fluid-structure system with non-collocated actuators and sensors,2016,2016-01-01,Proceedings of ISMA 2016 International Conference on Noise and Vibration Engineering and Usd2016 International Conference on Uncertainty in Structural Dynamics,cp,Conference Paper,,2,,,121-135,21100809793
2-s2.0-84994408866,Piezoelectric beam with distributed control ports: a power-preserving discretization using weak formulation.,2016,2016-01-01,IFAC Papersonline,cp,Conference Paper,10.1016/j.ifacol.2016.07.456,11,49,8,290-297,21100456158
2-s2.0-84992488716,Modeling of a fluid-structure coupled system using port-Hamiltonian formulation,2015,2015-10-01,IFAC Papersonline,cp,Conference Paper,10.1016/j.ifacol.2015.10.242,9,28,13,217-222,21100456158
2-s2.0-84906719031,Modeling of a coupled fluid-structure system excited by piezoelectric actuators,2014,2014-01-01,IEEE ASME International Conference on Advanced Intelligent Mechatronics AIM,cp,Conference Paper,10.1109/AIM.2014.6878081,3,,,216-221,21101246773
2-s2.0-80051512558,Design methodologies for the control of an unmanned sailing robot,2009,2009-01-01,IFAC Proceedings Volumes IFAC Papersonline,cp,Conference Paper,10.3182/20090916-3-BR-3001.0026,4,42,18,58-65,21100456158
